{
  "contacts": [
    {
      "id": 19,
      "name": "Cherie",
      "phone": "+91 (985) 435-3726"
    },
    {
      "id": 20,
      "name": "Estelle",
      "phone": "+91 (814) 416-2879"
    },
    {
      "id": 21,
      "name": "Evans",
      "phone": "+91 (837) 574-2388"
    },
    {
      "id": 22,
      "name": "Vincent",
      "phone": "+91 (934) 518-2494"
    },
    {
      "id": 23,
      "name": "Gwendolyn",
      "phone": "+91 (802) 579-2350"
    },
    {
      "id": 24,
      "name": "Meghan",
      "phone": "+91 (905) 545-3765"
    },
    {
      "id": 25,
      "name": "Mcdowell",
      "phone": "+91 (946) 454-2794"
    },
    {
      "id": 26,
      "name": "Maricela",
      "phone": "+91 (806) 540-2393"
    },
    {
      "id": 27,
      "name": "Tammi",
      "phone": "+91 (836) 416-3237"
    },
    {
      "id": 28,
      "name": "Corinne",
      "phone": "+91 (936) 425-2054"
    },
    {
      "id": 29,
      "name": "Esmeralda",
      "phone": "+91 (840) 532-2559"
    },
    {
      "id": 30,
      "name": "Tucker",
      "phone": "+91 (946) 442-2384"
    },
    {
      "id": 31,
      "name": "Leigh",
      "phone": "+91 (867) 455-3079"
    },
    {
      "id": 32,
      "name": "Candy",
      "phone": "+91 (860) 411-3693"
    },
    {
      "id": 33,
      "name": "Baxter",
      "phone": "+91 (871) 503-2267"
    },
    {
      "id": 34,
      "name": "Luna",
      "phone": "+91 (963) 409-2668"
    },
    {
      "id": 35,
      "name": "House",
      "phone": "+91 (957) 557-3177"
    },
    {
      "id": 36,
      "name": "Schroeder",
      "phone": "+91 (904) 458-2663"
    },
    {
      "id": 37,
      "name": "Rebekah",
      "phone": "+91 (882) 480-3217"
    },
    {
      "id": 38,
      "name": "Hubbard",
      "phone": "+91 (937) 497-2300"
    },
    {
      "id": 39,
      "name": "Kathryn",
      "phone": "+91 (992) 459-3228"
    },
    {
      "id": 40,
      "name": "Caroline",
      "phone": "+91 (875) 494-2317"
    },
    {
      "id": 41,
      "name": "Katelyn",
      "phone": "+91 (871) 409-2835"
    },
    {
      "id": 42,
      "name": "Maria",
      "phone": "+91 (947) 404-3611"
    },
    {
      "id": 43,
      "name": "Lois",
      "phone": "+91 (858) 506-2984"
    },
    {
      "id": 44,
      "name": "Haley",
      "phone": "+91 (837) 591-3008"
    },
    {
      "id": 45,
      "name": "Sophie",
      "phone": "+91 (813) 438-2506"
    },
    {
      "id": 46,
      "name": "Robbie",
      "phone": "+91 (812) 600-3078"
    },
    {
      "id": 47,
      "name": "Margarita",
      "phone": "+91 (949) 470-3486"
    },
    {
      "id": 48,
      "name": "Dee",
      "phone": "+91 (948) 508-2054"
    },
    {
      "id": 49,
      "name": "Elisa",
      "phone": "+91 (842) 408-3040"
    },
    {
      "id": 50,
      "name": "Morse",
      "phone": "+91 (840) 451-2133"
    },
    {
      "id": 51,
      "name": "Curtis",
      "phone": "+91 (852) 499-2882"
    },
    {
      "id": 53,
      "name": "Avila",
      "phone": "+91 (937) 414-2343"
    },
    {
      "id": 54,
      "name": "userrtrt",
      "phone": "213433434"
    }
  ]
}